Count,Topic
49,Kamionka
43,Black Mill
34,Kamień
32,Villegas
31,Helenów
31,Parnell
30,The Biggest Loser
29,Vinay
28,Buenavista
25,George Stewart
24,Buenos Aires
22,"Gonbad, Iran"
21,Budy
20,Gandab
20,Kamieniec
20,Robert Graham
20,So Far Away
19,George Parker
19,Golujeh
19,Henderson House
19,Parliament buildings
19,Saint Gregory
19,Wells House
18,FIC
18,Heneage
18,John Forbes
18,Kamienica
18,Wells Fargo Center
17,Black Hills
17,Cable Street
17,Carballo
17,Cardinal Orsini
17,John Fuller
17,John Fulton
17,John Gillis
17,Move On
17,So Long
17,Visualization
17,Vitamin D
16,Black moth
16,Black Saturday
16,John Frederick
16,John Freeman
16,Macca
16,Saint Cecilia
16,Soames
16,UBS
16,Villefranche
15,John Floyd
15,John Goodman
15,Mabry
15,Robert Hudson
15,Saint Alexander
14,Caradog
14,Crawford High School
14,DVL
14,H. flavescens
14,John Francis
14,Robert I
14,Villy
14,Vitalie
14,Welsh Wizard
13,Apportionment
13,Cablevision
13,Caravelle
13,Crave
13,David Parker
13,Donald MacDonald
13,Dutra
13,DVC
13,Field House
13,George Stevens
13,Hellraiser
13,Purnima
13,Robert Gibson
13,Saint Albert
13,Saint George Parish
13,SOB
13,UEC
13,Vista Alegre
13,Vita
12,Applause
12,Bad science
12,Big Run
12,Big Valley
12,Black Horse
12,Budești
12,Caravaggio
12,Crazy Eights
12,David Crawford
12,Field day
12,Fifield
12,George Warren
12,George Wheeler
12,H.R. 1
12,H8
12,Haag
12,HAB
12,Hello Hello
12,Helvetia
12,John Flynn
12,John Forster
12,Robert Hayes
12,Saint Ambrose Catholic School
12,Turn Your Radio On
12,Turów
12,UDR
12,Vitesse
12,Wellington football club
12,Wells Township
11,Big Love
11,Big Picture High School
11,Buczek
11,Buddhist Institute
11,Budziska
11,Craighead
11,Crawford County
11,DUT
11,FID
11,Fides
11,Fidèle
11,Fifth
11,Gamecock
11,Gando
11,"Goli, Iran"
11,Golo
11,Helen Smith
11,Heligoland
11,Helladius
11,Ian McDonald
11,John Forrest
11,John Fryer
11,John Gibbons
11,John Gorman
11,MOW
11,Mowgli
11,Mowry
11,Parsec
11,Punch and Judy
11,Robert Hawkins
11,Robert Hicks
11,Snowstorm
11,Turquoise
11,Turret
11,UCR
11,Vitus
11,Vivekananda College
10,Appiani
10,Applegate
10,Bad words
10,Baddeck
10,Big Horn
10,Big Spring
10,Black honey
10,Black Mask
10,Buckskin
10,Caamaño
10,Cabildo
10,Caracal
10,Caramel
10,Carbondale
10,Cardboard
10,Cram
10,Cranstoun
10,David Craig
10,Donald McDonald
10,Durwood
10,Field of glory
10,Fielding
10,Fiend
10,Ganesha
10,Gangotri
10,George Stephens
10,George Sullivan
10,George Sutherland
10,George the Younger
10,George Washington High School
10,George Wells
10,Haast
10,Hendrick
10,Hendrix
10,Heneage Finch
10,John Franklin
10,John Gale
10,Kanaka
10,Macdonald School
10,Macedonian Revolution
10,Michael Henderson
10,Michael MacDonald
10,Mower
10,Moxy
10,Parkhurst
10,Parmentier
10,Parsley
10,Robert Gillespie
10,Robert II
10,Robert III
10,Saint John's University
10,Saint Julian
10,Udaipur
10,UDS
10,Villano
10,Vistula
10,Welshpool
9,Appalachia
9,Appius
9,APSA
9,Backstage pass
9,Baco
9,Bademli
9,Badge
9,Big Kahuna
9,Biggin
9,Bignell
9,Black eye
9,Black Eyes
9,Black Lotus
9,Black pine
9,Buckhead
9,Budki
9,CAAT
9,Carabinier
9,Carbery
9,Chris Turner
9,Cranbourne
9,Crassus
9,Crate
9,Crater Lake
9,Crawshaw
9,Crayon
9,Duro
9,Dutch War
9,DVHS
9,Gamo
9,Ganeshpur
9,George Sinclair
9,Golgi
9,Gollijeh
9,Golos
9,Goltz
9,H. gracilis
9,H7
9,H9
9,Helen Moore
9,Helion
9,Hema
9,Hen and chicken
9,John Frost
9,John Gamble
9,John Gilmore
9,John Gilmour
9,John Mowbray
9,Kamienna
9,Kamma
9,Kanai
9,"Kananaskis, Alberta"
9,Kanaya
9,Kancabchén
9,Mable
9,Mabo
9,Macer
9,Maceration
9,Moveable Feast
9,Pars
9,Parsi
9,Purification
9,Robert Grant
9,Robert Hay
9,Robert Herman
9,Snow Job
9,Snowshoe
9,Snowshoe Lake
9,SNV
9,So Far So Good
9,Turkish Delight
9,Turnout
9,Turowo
9,Turtle Mountain
9,UCM
9,UCN
9,UCSD
9,Villamayor
9,Villedieu
9,Vimana
9,Vincent Brown
9,VIV
9,Welcome to the Club
9,WELS
9,Wen
8,Apostolici
8,Appenzell
8,Apremont
8,Apricot
8,APSC
8,Background
8,Backstabber
8,Bad Attitude
8,Badamestan
8,Big Hill
8,Big Idea
8,Big Potato
8,Big Sister
8,Biggy
8,Bigler
8,Black Fox
8,Black Gate
8,Black Girl
8,Black history
8,Black Jews
8,Black Legion
8,Black Market
8,Black Panthers
8,Black Rider
8,Black robe
8,Bucktown
8,Budgie
8,Budzyń
8,Bădeni
8,C106
8,C77
8,C91
8,Caballito
8,Cabernet
8,Cabin Creek
8,Cabinda
8,Carathéodory's theorem
8,Cardiff International
8,Craig Wilson
8,Crambe
8,Crash Landing
8,Crawford Lake
8,Dutchess
8,Dutchtown
8,Dux
8,Fiammingo
8,Fidelio
8,Fifteenth Army
8,Gamemaker
8,Gandhi Nagar
8,Gangut
8,George Stanley
8,George Stuart
8,George the Elder
8,George Villiers
8,Goldring
8,Goldy
8,Gómez González
8,H. montana
8,H17
8,Helen Wilson
8,Helena of Serbia
8,Helene Fuld
8,Hell
8,Hell's Highway
8,Helldorado
8,Hellenic League
8,Hellfire Club
8,Hello Again
8,Helmholtz
8,Help Me Out
8,Helsinki Group
8,Hemingway
8,"Hempstead, New York"
8,Henbit
8,Hendricks
8,John Gallagher
8,John Gilchrist
8,John Gillespie
8,John Goddard
8,John Godfrey
8,Kamehameha
8,Kamenná
8,Kamienna Góra
8,Kamikawa
8,Kamloops
8,Kanazawa
8,MABA
8,MACC
8,Maccarone
8,Movileni
8,Moxey
8,Moyal
8,MPAC
8,Parkfield
8,Parliament Street
8,Paro
8,Parola
8,Parrot
8,Pune
8,Puneet
8,Punja
8,Purbeck
8,Purdon
8,Robert Fuller
8,Robert Graves
8,Robert Herbert
8,Robert Holden
8,Robert Holland
8,Robert Hooper
8,Robert Hopkins
8,Saint Andrews F.C
8,Saint Germanus
8,Saint Juliana
8,Snow Creek
8,Soak
8,Soak City
8,Turlough
8,Turman
8,Turn It On
8,Turn of the century
8,Turn the Page
8,UBL
8,UCAR
8,UCAS
8,UCH
8,Udagama
8,Udayagiri
8,UDN
8,Viliame
8,Villarejo
8,Villi
8,Vincennes
8,Welcome to My World
8,Welf
8,Wellington School
8,Wellington station
7,Appalachian
7,Appaloosa
7,Apparent
7,Apple Store
7,Appointment
7,April Fool's Day
7,Backfire
7,Backhand
7,Bad Business
7,Bad Seed
7,Bad taste
7,Bad to the Bone
7,Badakhshani
7,Badarpur
7,Badel
7,Big Hole
7,Big Machine
7,Big Mama
7,Big Orange
7,Big Pond
7,Big Sandy Creek
7,Big Splash
7,Big Star
7,Big Time Wrestling
7,Big Twin
7,Big wheel
7,Big Z
7,Black House
7,Black literature
7,Black Narcissus
7,Black ring
7,Black Sabbath
7,Bucklow
7,Buddies
7,Bueno
7,Buer
7,C100
7,C70
7,C76
7,C80
7,C81
7,C83
7,C85
7,C93
7,CAAN
7,Cabal
7,Cabala
7,Cabinet of curiosities
7,Cabral
7,Calum MacDonald
7,Carajás
7,Carbonaro
7,Carbuncle
7,Cardigan
7,Cardinal Stadium
7,Carding
7,Crandall
7,Crandell
7,Cranial
7,Crannell
7,David Wells
7,Durkee
7,Durr
7,Dusit
7,Dustabad
7,Dusty Roads
7,Dutchy
7,FIAF
7,Fianna Fáil leadership election
7,FIAS
7,Fiat 500
7,Field of Honor
7,Fields of Gold
7,Fifth Dimension
7,Gandhara
7,Gandhi Sangrahalaya
7,Gangapur
7,George Sims
7,George Townshend
7,George Walton
7,George West
7,Goldwater
7,Golestaneh
7,Golin
7,Gollum
7,Golshanabad
7,Gombe
7,Gombos
7,Gomorrah
7,Gănești
7,H&K
7,H. grandis
7,H. nana
7,H0
7,H10
7,H100
7,H11
7,H15
7,H19
7,H53
7,Helen Williams
7,Helenowo
7,Helga
7,Hell house
7,Hell of a Night
7,Hell week
7,Hellbent
7,Helmi
7,Helton
7,Hempfest
7,Hendre
7,John Finlay
7,John Finnegan
7,John Fitzalan
7,John Flood
7,John Fogarty
7,John Fry
7,John Galt
7,John Garland
7,John Gill
7,John Good
7,Kamijo
7,Kamionki
7,Kanal
7,MacArthur High School
7,MacBride
7,Mach 4
7,MOV
7,Moving Mountains
7,Moving On Up
7,Moving out
7,Mozaffari
7,Mozambican
7,MP4
7,Parkersburg
7,Parkhouse
7,Parkland High School
7,Parkview School
7,Parkway Village
7,Parrott
7,Parson
7,Punga
7,Punta
7,Pupil
7,Purdue
7,Pure Gold
7,Purification of water
7,Purple Rain
7,Purpureum
7,Robert Gilchrist
7,Robert Glover
7,Robert Goldman
7,Robert Griffiths
7,Robert Henley
7,Robert Hess
7,Robert Hodgson
7,Robert Hogg
7,Robert Holt
7,Robert Howe
7,Saint Andrew Parish
7,Saint Canice
7,Saint Christopher
7,Saint Cyril
7,Saint Eleutherius
7,Saint Elizabeth
7,Saint Gabriel
7,Saint Gerard
7,Saint Gregory the Illuminator Church
7,Saint Joan of Arc Church
7,Saint Juan
7,Saint Justin
7,Snow dragon
7,Snow Leopard
7,Snug
7,Snug Harbor
7,So Alive
7,So High
7,So Lonely
7,So Many Roads
7,So Real
7,Soba
7,Sobekhotep
7,Sobey
7,The Baddest
7,The Black Order
7,The Crash
7,The Visitation
7,Turki
7,Turn Up the Radio
7,Turner Museum
7,Turnstile
7,Turrell
7,Turtle Rock
7,Turza
7,Turze
7,UBW
7,UCAN
7,UCF
7,UCL
7,UCU
7,Uday Singh
7,Udell
7,UDM
7,UEA
7,Ueb
7,Villa Maria
7,Villagarcia
7,Villalonga
7,Viva la Diva
7,Viva Las Vegas
7,Vive
7,Vivian Smith
7,Višnjica
7,WELD
7,Wellington College
7,Wellington Square
7,Wellington Township
7,Wellsville
7,Wenceslaus II
7,Wende
6,Apostolorum
6,Apparatus
6,APPC
6,Appearance
6,Applegarth
6,Appolinaire
6,Appollo
6,Apprends-moi
6,April in Paris
6,Apsara
6,Apsheronsky
6,Backwards
6,Backwater
6,Bad Love
6,Badas
6,Badass
6,Big Heat
6,Big man
6,Big Moose
6,Big Sam
6,Big Springs
6,Big Sur
6,Big Top
6,Big Tuna
6,Bigfork
6,Biggie
6,Black Elvis
6,Black family
6,Black Label
6,Black Lightning
6,Black Mesa
6,Black Muslims
6,Black Ops
6,Black Pope
6,Black Power
6,Black Russian
6,Black Shadow
6,Bucksnort
6,Bude
6,Budel
6,Buderim
6,Budimir
6,Budo
6,C110
6,C200
6,C74
6,C79
6,C98
6,CA2
6,Cabalist
6,Cabane
6,Cabin John
6,Cabo Corrientes
6,Caboverdensis
6,Carberry
6,Carbon copy
6,CARC
6,Card game
6,Cardamom
6,Cardiac arrest
6,Cardiac veins
6,Cardiff City
6,Cardinia
6,Chris Henderson
6,Craig Watson
6,Craig Williams
6,Craigellachie
6,Cran
6,Crane Creek
6,Crank It Up
6,Cranky
6,Crapo
6,Crary
6,Crawford County Courthouse
6,Crawford Elementary School
6,David Crane
6,Durning
6,Dushman
6,Dust and Bones
6,Dust Bowl
6,Dusted
6,Dutch culture
6,Dutch intervention in Bali
6,Dutch wife
6,Dutchland
6,DVB
6,FHU
6,Fianna
6,Fidelis
6,Field artillery
6,Field effect
6,Fifth Amendment
6,Fifth Estate
6,Frederick Field
6,Game six
6,Game store
6,Gamelin
6,Gamesmaster
6,Gaming
6,Gamma subunit
6,Gananoque
6,Ganassi
6,Gandhari
6,Ganea
6,Ganga
6,Gangbuster
6,Ganj
6,George Stokes
6,George Strong
6,George Sumner
6,George Thorpe
6,George Townsend
6,George Tucker
6,George Turnbull
6,George Waller
6,George Warburton
6,George Washington Elementary School
6,George Watts
6,Goldmark
6,Golmakan
6,Gomel
6,Gomez
6,Gómez Farías
6,H&H Magnum
6,H&S
6,H. gigas
6,H. maculata
6,H16
6,Haba
6,Helen Scott
6,Helicity
6,Heliophobia
6,Hell Valley
6,Hellenism
6,Hello and Goodbye
6,Hello Beautiful
6,Hello Young Lovers
6,"Hello, Dolly!"
6,Helltown
6,Helme
6,Helvetius
6,Helxine
6,Hemus
6,Henan Wang
6,Henderson Middle School
6,Hendersonville
6,John Fitch
6,John Flanagan
6,John Fortescue
6,John Gage
6,John Galbraith
6,John Galvin
6,John Gannon
6,John Geddes
6,John Gerrard
6,John Giffard
6,John Giles
6,John Gilroy
6,John Gladstone
6,John Glenn High School
6,John Goldsmith
6,John Gooch
6,Kamera
6,Kamin
6,Kamion
6,Kamphaeng Phet
6,Kampong Cham
6,Kampos
6,Kampot
6,Kamrupi
6,Kanak
6,Mabini
6,Mabu
6,Macario
6,Macaroni
6,Macclesfield
6,MacDonough
6,Macedonius
6,Macerator
6,Mach 5
6,Move Your Body
6,Movement for Democratic Change
6,Movie star
6,Moving In
6,Mox
6,Moyna
6,Parkgate
6,Parkhomenko
6,Parkside railway station
6,Parkside School
6,Parli
6,Paros
6,Parral
6,Parrhasius
6,Parse
6,Punch-Out
6,Punky
6,Punta Gorda
6,Purity
6,Purple Gang
6,Robert French
6,Robert Garcia
6,Robert George
6,Robert Grosvenor
6,Robert Gunning
6,Robert Haas
6,Robert Hoffman
6,Robert Hope
6,Robert Horn
6,Robert Houston
6,Robert Huber
6,Robert Hunt
6,Robert Hurst
6,Robert Hutchinson
6,Robert Hyde
6,Saint Anselm
6,Saint Arnaud
6,Saint Basil
6,Saint Benedict Abbey
6,Saint Bruno
6,Saint Conrad
6,Saint Genesius
6,Saint George and the Dragon
6,Saint Gerald
6,Saint Gobain
6,Saint Helier
6,Saint Herman
6,Saint Irene
6,Saint Isaac
6,Saint James Parish
6,Saint Jerome in His Study
6,Saint John harbour
6,Saint John Parish
6,Saint Joseph University
6,Snow Lake
6,Snuffy
6,SNY
6,So Blue
6,So Much Love
6,So This Is Love
6,Soaring
6,Sobell
6,The Fifth Horseman
6,The Gang's All Here
6,Turkic
6,Turkish Bath
6,Turn to Dust
6,Turnip
6,Turtle Beach
6,UBN
6,UBP
6,UBR
6,UCCI
6,UCP
6,UCT
6,UCW
6,Udaan
6,Udaya Kumar
6,UDT
6,Udumbara
6,Udupi
6,Villa del Rosario
6,Villa Torlonia
6,Village Green
6,Villalobos
6,Villamagna
6,Villu
6,Vilmorin
6,Vilémov
6,Vimala
6,Vimy
6,Vinca
6,Vince Martin
6,Visibility
6,Visitations
6,VIT
6,Vital signs
6,Vitreous
6,Viu
6,Viva Piñata
6,Vivi
6,Vișina
6,Vítor Hugo
6,Well Well Well
6,Welland
6,Welle
6,Wellington Road
6,Wellness
6,Wells Fargo Building
6,Wells Fargo Plaza
6,Welton
6,Wembley
6,Wembley live shows
5,Apostrophe
5,Apple Grove
5,Apple Valley
5,Apples and oranges
5,Appleseed
5,Applewood
5,Appley
5,Applied physics
5,Appointee
5,Approval
5,April 2011 tornado outbreak
5,April Revolution
5,April Showers
5,Aprus
5,Backpacker
5,Backwoods
5,Bactrian
5,Bacurius
5,Bad Axe
5,Bad Decisions
5,Bad Education
5,Bad faith
5,Bad Idea
5,Bad Kids
5,Bad luck
5,Bad Vibes
5,Badaki
5,Badam
5,Badayuni
5,Badd
5,Baddesley
5,Big Knife
5,Big Pine
5,Big Ship
5,Big stick
5,Big Ten
5,Big Thing
5,Big Up
5,Big World
5,Bigge
5,Bigger than Us
5,Black Heart
5,Black Hours
5,Black Legend
5,Black Mirror
5,Black mold
5,Black moss
5,Black Museum
5,Black October
5,Black Orpheus
5,Black Peak
5,Black police
5,Black Racer
5,Black Republican
5,Black snake
5,Bucktail
5,Buckwheat
5,Bucur
5,Bucze
5,Buczyna
5,Budan
5,Budget Committee
5,Budi
5,Budu
5,Budweiser
5,Budzhakh
5,Buechel
5,Buena Vista High School
5,Buena Vista Social Club
5,"Buena Vista, California"
5,Bădești
5,C72
5,C73
5,C86
5,C88
5,C89
5,C95
5,CA-12
5,CA30
5,CABA
5,Cabbage patch
5,Cabin
5,Cabinet committee
5,Cable car
5,Caracoles
5,Caradon
5,Caragh
5,Carandiru
5,Carbo
5,Carbyne
5,Cardea
5,Cardenal Caro
5,Cardiff station
5,Cardinal Carter
5,Cardinal-Infante
5,Cardinali
5,Cardinality
5,Cardington
5,Craigmore
5,Cranberry Township
5,Cranbury
5,Crane Building
5,Cranmore
5,Crash course
5,Crasher
5,Crasna
5,Craterus
5,Cravat
5,Crawfish
5,Crawfordsville
5,Crayton
5,David Turnbull
5,Dmitry Golitsyn
5,Durian
5,Durrington
5,Duru
5,Dusting
5,Dutch Hill
5,Dutch oven
5,Dutch Windmill
5,Dutton House
5,Duurstede
5,Duvernoy
5,DVE
5,Dürnbach
5,FHT
5,Fiat Lux
5,FICA
5,Fictive
5,Fidget
5,Field mouse
5,Field of view
5,Fielder
5,Fier
5,Fiery cross
5,Fierzë
5,Fiestas Patrias
5,Game theory
5,Gamemaster
5,Gamez
5,Gamma ray
5,Gammage
5,Gamper
5,Ganapati
5,Ganbu
5,Gandhigram
5,Gandoman
5,Ganesh Temple
5,Ganga Prasad
5,Gangavaram
5,Ganger
5,Ganghwa
5,Gangi
5,Gangloff
5,Ganim
5,George Smyth
5,George Stephenson
5,George Steuart
5,George Stevenson
5,George Swain
5,George Sweeney
5,George Tate
5,George Thorne
5,George Trapp
5,George Tyler
5,George Underwood
5,George VI
5,George Vincent
5,George Washington Carver Museum
5,George Webb
5,Goldstein
5,Golejewo
5,Golescu
5,Golești
5,Golf Hall of Fame
5,Golice
5,Golina
5,Goll
5,Gollapalle
5,Golson
5,Golub
5,GOM
5,Gomal
5,"Goman, Iran"
5,GON
5,H&H
5,H. floribunda
5,H. giganteus
5,H. laeta
5,H. madagascariensis
5,H. nigricans
5,H. orientalis
5,H. tricolor
5,H20
5,H2B
5,H41
5,H43
5,H44
5,Haad
5,Haakon
5,Helfenstein
5,Helio
5,Heliogabalus
5,Hell's Mouth
5,Hellbore
5,Hellhound
5,Hello Cruel World
5,Hello I Must Be Going
5,Hello My Name Is
5,Hello Sailor
5,Hellstone
5,Hellyer
5,Helms
5,Helpless
5,Helstrom
5,Helvetic
5,Hemalata
5,Hemanth
5,Hemel
5,Hemming
5,Hempstead High School
5,Hemu
5,Henderson Airport
5,Henderson County
5,Hendra
5,Hendrick Hudson
5,Hà Tiên
5,John Finlayson
5,John Firth
5,John Fish
5,John Flower
5,John Forester
5,John Forman
5,John Forsyth
5,John Fothergill
5,John Frank
5,John Frazer
5,John Garcia
5,John Garvey
5,John Gates
5,Kameng
5,Kames
5,Kami-sama
5,Kamiakin
5,Kamieńczyk
5,Kamionna
5,Kamouraska
5,Kampe
5,Kan language
5,Kanada
5,Kanal 5
5,Kanangra
5,Mabuhay
5,Mabuse
5,Macaco
5,Macaria
5,Maccabi
5,Macchia
5,Macedonia Baptist Church
5,Macey
5,MacFarlane
5,MacGregor
5,Michael McDowell
5,Mike Wells
5,Moveable
5,Movement for Change
5,Movement for Socialism
5,Movila
5,Movilița
5,Moving Day
5,Moving the Mountain
5,Moycarkey
5,Moyie
5,Mozart Festival
5,Mozart Medal
5,Mozilla browser
5,Mozo
5,Mozza
5,MP9
5,Parkin
5,Parkinson
5,Parksville
5,Parkview High School
5,Parkville
5,Parliament Act
5,Parliament Hill
5,Parliament of Libya
5,Parlin
5,Parlour
5,Parmalee
5,Parnaby
5,Parnes
5,Paron
5,Parr
5,Parrington
5,Parrotbill
5,Parry House
5,Parsi Gymkhana
5,Parsian
5,Punch line
5,Punchinello
5,Punchy
5,Puncture
5,Punkin
5,Punu
5,Pupa
5,Puran
5,Purcell
5,Purga
5,Purgation
5,Purify
5,Purin
5,Purkyně
5,Purl
5,Pursley
5,Puru
5,Purus
5,Robert Frost Middle School
5,Robert Gage
5,Robert Gale
5,Robert Garrett
5,Robert Gascoyne-Cecil
5,Robert Goddard
5,Robert Goodwin
5,Robert Gore
5,Robert Gross
5,Robert Grove
5,Robert Hanson
5,Robert Hardy
5,Robert Harley
5,Robert Healy
5,Robert Hildyard
5,Robert Hite
5,Robert Hogan
5,Robert Hutton
5,Robert Ingersoll
5,Saint Anastasia
5,Saint Anne's School
5,Saint Antoninus
5,Saint Cassius
5,Saint David Parish
5,Saint Edmund
5,Saint Eusebius
5,Saint Francis Academy
5,Saint Gregory the Great Parish Church
5,Saint Helena Island
5,Saint Henry
5,Saint Innocent
5,Saint Joan
5,Saint John the Evangelist Catholic Church
5,Saint Jordan
5,Saint Julia
5,Saint Julius
5,Saint Juvenal
5,Snow Cat
5,Snowmass
5,Snowtrout
5,Snowzilla
5,SNPP
5,SNR
5,SNTV
5,Snub
5,Snyders
5,So Am I
5,So and so
5,So Big
5,"So Close, Yet So Far"
5,So Do I
5,So Emotional
5,So Far Gone
5,So Much Better
5,So Nice
5,SO2
5,SO3
5,SO4
5,Soaking
5,Soapweed
5,Soapy
5,The Bad Man
5,The Big Sleep
5,The Big Town
5,The Moving Finger
5,Turkey Hill
5,Turkey Time
5,Turkish immigration
5,Turku University
5,Turkuaz
5,Turmoil
5,Turn Back the Clock
5,Turn Blue
5,Turn On
5,Turn Up the Music
5,Turnagain
5,Turner Hall
5,Turning Me On
5,Turnu
5,Turon
5,Turris
5,Turtle Bay
5,Turtle Islands
5,Turtles All the Way Down
5,Ubiquity
5,Ubo
5,UC2
5,UCBC
5,UCCA
5,UCD
5,Uchuu
5,UCV
5,UDD
5,UDL
5,Udy
5,Uebel
5,Uecker
5,UEF
5,Uefa 2010
5,Vilela
5,Villa Clara
5,Villa Park
5,Villa Rica
5,Villa Santa
5,Villaescusa
5,Villahermosa
5,Villarino
5,Villaseca
5,Ville de Paris
5,Villefort
5,Vils
5,Vim
5,Visionary
5,Visoko
5,Visor
5,Vitalis
5,Vitez
5,Vito
5,Vittal Rao
5,Vivarium
5,Vivencia
5,Vivian Girls
5,Vítor Pereira
5,Welcome to New York
5,Welega
5,Welkin
5,Well known
5,Well of wisdom
5,Well-formed
5,Welles House
5,Wellington District
5,Wellington East
5,Wellington Street
5,Wellington West
5,Wellsburg
5,Wellston
5,Wellwood
5,Welsh House
5,Weme
5,Wenceslaus I
4,Anthony Parker
4,Apostolic Faith Mission
4,Appa Rao
4,Apparat
4,Appellants
4,Appetite for Destruction
4,Appian Way
4,Apple Creek
4,Apple Green
4,Apple of Sodom
4,Appomattox Court House
4,Apposition
4,Apprehension
4,APRC
4,Apronianus
4,APSL
4,Aptera
4,Backdrop
4,Backflip
4,Backpack
4,Backroad
4,Backseat
4,Backspin
4,Backswing
4,Backus
4,Baclaran
4,Bacolet
4,Bacton
4,Bad Behaviour
4,Bad Dog
4,Bad Karma
4,Bad manners
4,Bad Rap
4,Bad Things
4,Bad Timing
4,Badaga
4,Badai Pasti Berlalu
4,Badam Shirin
4,Badan
4,Badara
4,Badbury
4,Big Hollow
4,Big Horn County School District
4,Big Ideas
4,Big job
4,Big Joe
4,Big K
4,Big Lagoon
4,Big Lick
4,Big Omega function
4,Big Pharma
4,Big Ron
4,Big room
4,"Big Run, West Virginia"
4,Big Sandy
4,Big Sandy River
4,Big Science
4,Big Spring Park
4,Big store
4,Big Thunder
4,Big Tree
4,Big Trees
4,Big TV
4,"Big Valley, California"
4,Big Wave Bay
4,Biga
4,Bigamy
4,Bigelow House
4,Bigg
4,Bigger Than Me
4,Bignall
4,Black frog
4,Black hat
4,Black Hawk Township
4,Black hearts
4,Black helicopter
4,Black King
4,Black Klansman
4,Black Lizard
4,Black lung
4,Black Madonna
4,Black Man
4,Black Messiah
4,Black money
4,Black Moor
4,Black Moses
4,Black Noise
4,Black Oak
4,Black Peter
4,Black Reign
4,Black rifle
4,Black River Township
4,Black Rose
4,Black sky
4,Black Smoke
4,Black Snake Moan
4,Boris Golitsyn
4,"Buckeye, California"
4,Buckingham by-election
4,Buckingham County
4,Buckley House
4,Buckner House
4,Bucksport
4,Buckton
4,Bud Smith
4,Budapest Declaration
4,Budge House
4,Budworth
4,Budzów
4,BUE
4,Buel
4,Bueler
4,Buena Vista Township
4,"Buena Vista, Indiana"
4,Buendía
4,C101
4,C300
4,C71
4,C75
4,C84
4,C87
4,C92
4,C96
4,CA 60
4,CA1
4,CA15
4,CA7
4,CAAP
4,Caballé
4,Caban
4,Cabanes
4,Cabaret Voltaire
4,Cabbie
4,CABC
4,Cabin in the Sky
4,Cabin Pressure
4,Cabinet of Poul Nyrup Rasmussen
4,Cabinet Secretariat
4,Cable & Wireless
4,Cable box
4,Cabo Blanco
4,Cabo Verde
4,Caboose
4,Cabragh
4,Carabineer
4,Caras
4,Carbon County
4,Carbon engineering
4,Carbon neutral
4,Carbona
4,Carbonaria
4,Carbonell
4,Carbonneau
4,Carcan
4,Carcer
4,Carceri
4,Cardale
4,Carden
4,Carder bee
4,Carderock
4,Cardiac Hill
4,Cardiff Central station
4,Cardiff South
4,Cardinal Mooney High School
4,Cardinal of Lorraine
4,Cardio
4,Cardis
4,Cardo
4,Charles Bigelow
4,Craig Thomson
4,Craigton
4,Cramp
4,Cranbrook School
4,Crandall House
4,Crane High School
4,Cranswick
4,Crapper
4,Crash box
4,Crash Override
4,Crasna River
4,Crasville
4,Craw
4,Crawford Report
4,Crawford School
4,Crawler
4,Crawling Chaos
4,Crazy About You
4,Crazy Eddie
4,Cărbunari
4,David Field
4,Douglas Macgregor
4,Durham station
4,Durham Township
4,Durlabharaja
4,Durrell
4,Durry
4,Dus
4,Dusan
4,Dushan
4,Dushkin
4,Dushmani
4,Dusk Till Dawn
4,Duss
4,Dust storm
4,Dutch boy
4,Dutch Cemetery
4,Dutch Limburg
4,Dutch Lions
4,Dutch Open
4,Dutch School
4,Dutch Uncle
4,DUV
4,Duzakh Darreh
4,DVD
4,DVD player
4,DVG
4,Dvin
4,Dvina
4,Edward Turnour
4,Fibro
4,FICE
4,Fico
4,FICS
4,Fictitious
4,FIDA
4,Fiddler's Green
4,Fiddlers Three
4,Fidelitas
4,Fiducial
4,Fiebre
4,Field jacket
4,Field name
4,Field of Dreams
4,Field theory
4,Fiers
4,Fiery furnace
4,Fifteen-ball
4,Fifteenth Amendment
4,Fifth Commandment
4,Fifth Five-Year Plan
4,Frank Field
4,Gameplay
4,Gaming in China
4,Gamow
4,Gampaha
4,Ganado
4,Ganapavaram
4,Ganaveh
4,Gancarczyk
4,Gand
4,Gandha
4,Gandhinagar
4,Gang of Eight
4,Ganga Lake
4,Gangan
4,Ganglia
4,Gangrel
4,Gangsta Boy
4,Gangsta Party
4,Gangwon
4,George Sherman
4,George Sibley
4,George Simon
4,George Southcote
4,George Spence
4,George St George
4,George Stafford
4,George Stearns
4,George Summers
4,George Sykes
4,George Symons
4,George Todd
4,George Trevelyan
4,George Upton
4,George Venables-Vernon
4,George W. Anderson
4,George Waldegrave
4,George Waring
4,George Washington Hotel
4,George Waters
4,George Watkins
4,George Webber
4,George Westinghouse Award
4,George Whitaker
4,George Whitehead
4,Goldmine
4,Golds
4,Goler
4,Golestan Rural District
4,Golf 3
4,Goli Jan
4,Golias
4,Gollejeh
4,Golly
4,Golod
4,Golpe
4,Golubac
4,Golzow
4,Gomara
4,Gombaud
4,GOME
4,Gomila
4,Gomo
4,Goms
4,Gomułka
4,H&M
4,H. flavus
4,H. G. Wells
4,H. inornatus
4,H. maxima
4,H. montanus
4,H. petiolaris
4,H. salicifolia
4,H14
4,H22
4,H27
4,H29
4,H2S
4,H32
4,H320
4,H33
4,H49
4,H52
4,H5N1 flu
4,H63
4,Haasil
4,Helen Nichol
4,Helen Parker
4,Helen Richardson
4,Helen Taylor
4,Helen Thompson
4,Helen Walker
4,Helen Wood
4,Helgøya
4,Helianthus
4,Helical
4,Heliconia
4,Helidon
4,Helin
4,Heliograph
4,Hell Is for Heroes
4,Hellgate
4,Hellmouth
4,Hello America
4,Hello Darling
4,Hello Stranger
4,Hellzapoppin'
4,Helmholtz theorem
4,HELO
4,Heloise
4,Helsingborg
4,Helsinge
4,Helvetiaplatz
4,Hematite
4,Hemery
4,Heming
4,Hemmingford
4,Hemsworth by-election
4,Hen Island
4,Henderson Bridge
4,Henderson Field
4,Hendricks Township
4,Hendrickson
4,Hendrik
4,Henegar
4,John Finley
4,John Finn
4,John Fitzgibbon
4,John Fitzwilliam
4,John Flannagan
4,John Flett
4,John Flowers
4,John Fogerty
4,John Folliott
4,John Frame
4,John Frey
4,John Friend
4,John Fullerton
4,John G. Smith
4,John Gaffney
4,John Galloway
4,John Garrett
4,John Gascoigne
4,John Gast
4,John Gaunt
4,John Gavin
4,John Gay
4,John Gibb
4,John Gibbs
4,John Glass
4,John Gleeson
4,John Goldie
4,John Goodricke
4,John Gorham
4,Kameleon
4,Kamenar
4,Kamenetz
4,Kameni
4,Kamenitsa
4,Kamienny
4,Kamini
4,Kamionek
4,Kamman
4,Kamnik
4,Kampa
4,Kampong Chhnang
4,Kamsa
4,Kamsar
4,Kamta
4,Kanagarthi
4,Kanam
4,Kanbawza
4,Kámen
4,MAAC
4,MAAF
4,Maafushi
4,Maam
4,Maasai
4,Maat
4,Maberly
4,Mabie
4,Mabon
4,Mac Nisse
4,Mac Robertson
4,Macanese
4,Macarius I
4,Macarius II
4,MacArthur Bridge
4,Macas
4,Maccabees
4,Maccabeus
4,MacCrimmon
4,Macedonia
4,Macedonian Empire
4,Macedonian Greek
4,Macedonian Slavs
4,Mouzinho de Albuquerque
4,Movement for Democracy and Development
4,Mover
4,Movie Magic
4,Movietone
4,Moving Targets
4,Movistar Team
4,Moxley
4,Moxos
4,Moyen-Congo
4,Moyes
4,Moyles
4,Moza
4,Mozu
4,Mozzie
4,MP 1
4,MP 14
4,MP3
4,MP7
4,MPAA
4,Móvil
4,Parkington
4,Parkinson's
4,Parkside Historic District
4,Parlay
4,Parliamentary assembly
4,Parliamentary Counsel Office
4,Parliamentary Republic
4,Parlier
4,Parm
4,Parmi
4,Parmjit Singh
4,Parna
4,Parnas
4,Parowa
4,Parra
4,Parshvanatha temple
4,Peter Buckley
4,Punch drunk
4,Puncha
4,Puncheon
4,Pung
4,Punjab University
4,Punk is dead
4,Punta Arenas
4,Pupin
4,Puppet show
4,Puppeteer
4,Pura Vida
4,Purdey
4,Pure Oil Service Station
4,Purificación
4,Purified
4,Purifier
4,Purism
4,Purkinje
4,Purp
4,Purple Dragon
4,Purple House
4,Purpurea
4,Purse
4,Pursglove
4,Robert Galbraith
4,Robert Gay
4,Robert Geddes
4,Robert Gibbons
4,Robert Gifford
4,Robert Gillies
4,Robert Goelet
4,Robert Greville
4,Robert Grey
4,Robert Hagan
4,Robert Hale
4,Robert Hamill
4,Robert Haworth
4,Robert Heath
4,Robert Higgins
4,Robert Hirsch
4,Robert Hodge
4,Robert Horton
4,Robert Hull
4,Robert Hutchison
4,Robert Inglis
4,Saint Barnabas
4,Saint Benjamin
4,Saint Catherine of Siena Parish School
4,Saint Charles Borromeo Seminary
4,Saint Claudius
4,Saint Constantine
4,Saint Damien
4,Saint Daniel
4,Saint Dionysius
4,Saint Elian
4,Saint Elias
4,Saint Francis School
4,Saint Gilbert
4,Saint Helena's Church
4,Saint Honorat
4,Saint Humbert
4,Saint Ida
4,Saint James College
4,Saint Justinian
4,Saint Landry
4,Snow day
4,Snow Dome
4,Snow machine
4,Snow Maiden
4,Snow-speeder
4,Snowfall
4,Snowflower
4,Snowy
4,Snowy River
4,SNT
4,SNU
4,Snuggy
4,So Amazing
4,So Cold
4,So Hot
4,So in Love
4,So into You
4,So language
4,So Natural
4,So Pretty
4,SO1
4,Soan
4,Soap bar
4,SOAT
4,Sobat
4,Soberano
4,Sobhani
4,The Big Story
4,The Black Flame
4,The Black Forest Girl
4,The Black Napoleon
4,The Cabinet of Dr. Caligari
4,The Craving
4,The Field
4,The Fields
4,The Parkway
4,Turkey Creek Township
4,Turkey Mountain
4,Turkey Point
4,Turkic American
4,Turkoman people
4,Turkovići
4,Turmeric
4,Turn Back Time
4,Turn to Stone
4,"Turn, Turn, Turn"
4,Turner Township
4,Turning the Tables
4,Turps
4,Turr
4,Turtle Lake
4,Ubique
4,UBIT
4,UBT
4,UC1
4,UC3
4,UCAT
4,Ucayali
4,UCCC
4,UCDC
4,UCE
4,UCHS
4,UCMC
4,UCSC
4,Udaka
4,Udayapur
4,UDB
4,UDCA
4,UDG
4,Udgitha
4,UDK
4,Udmurt
4,Udny
4,Udry
4,UED
4,Ueda
4,Vileh
4,Vilkij
4,Villa Carmen
4,Villa Elisa
4,Villa Maria Academy
4,Villa Nueva
4,Village Creek
4,Village Mall
4,Village of the Damned
4,Villamarín
4,Villarrica
4,Villarroya
4,Villarrubia
4,Villaviciosa
4,Ville-Marie
4,Villeneuvois
4,Villeret
4,Villiers-le-Sec
4,Villingili
4,Vilna
4,Viluppuram
4,Vilusi
4,Vilya
4,Vimal
4,VIMS
4,Vinayaka
4,Vinařice
4,Vincelles
4,Vinča
4,Vision 2030
4,Viska
4,Visoka
4,Vista High School
4,Vistabella
4,Visual Science
4,VIT University
4,Vitalization
4,Vitamin P
4,Vitas
4,Vitinha
4,Vitis
4,Vitta
4,Vitz
4,Viva voce
4,Viñales
4,Viștea
4,Vítkovice
4,Vítor Gonçalves
4,Welcome Stranger
4,Welcome to My Life
4,Welcome to the Real World
4,Welcome to the World
4,Welfare department
4,Welham
4,WELL
4,Well of Life
4,Wellard
4,Wellborn
4,Wellen
4,Welles
4,Wellesley College
4,Wellington County
4,Wellington Silva
4,Wellington Suburbs
4,Wellman
4,Wellow
4,Wells Fargo Tower
4,Welter
4,WEM
4,Wenceslaus III
4,Wenda
4,Wendelin
4,Ángel Cabrera
3,Alberto Cabrera
3,Apostolic Exarchate of Canada
3,Apostolos Nikolaidis
3,Appalachian Highway
3,Apparatchik
3,Apparent motion
3,Appassionata
3,Appayya
3,Appellate Division
3,Appendicular
3,Apple Blossom Festival
3,Apple Island
3,Apple products
3,Apple TV
3,Appleby railway station
3,Appleton High School
3,Appleton Township
3,Applicative
3,Applied Science University
3,Appointment with Death
3,Appointment with Fear
3,Appoquinimink
3,Apport
3,Appropriation
3,Approved
3,Approximation to the identity
3,Apradhi
3,April Love
3,April Smith
3,April War
3,Aprilov
3,APRN
3,Apropos
3,APRS
3,Apsat
3,Apsines
3,Background level
3,Backhaul
3,Backlash
3,Backlight
3,Backlog
3,Backoffice
3,Backpacking
3,Backrest
3,Backscatter
3,Backside
3,Backspacer
3,Backsplash
3,Backwards E
3,Backwash
3,Bacolod
3,Bacs
3,Bacteria
3,Bacterial evolution
3,Bacurí
3,Baczyn
3,Bad Day
3,Bad Girls Club
3,Bad Intentions
3,Bad Kitty
3,Bad law
3,Bad magic
3,Bad Moon Rising
3,Bad River
3,Bad Ronald
3,Bad Santa
3,Bad Seeds
3,Bad Trip
3,Badakhshan
3,Badalan
3,Badalpur
3,Badam Zar
3,Badamlu
3,Badasht
3,Baddie
3,Baden Baden
3,Badenov
3,Badenweiler
3,Badgaon
3,Big Hero 6
3,Big Iron
3,Big Island Lake
3,Big Mosque
3,Big Mound
3,Big Norm
3,Big numbers
3,Big Phil
3,Big Pine Creek
3,Big Prairie
3,Big Ridge
3,Big Rig
3,Big Sir
3,Big Spring Creek
3,Big Spring Township
3,Big Stink
3,Big Ten Championship
3,Big Ten Championship Game
3,Big Ten Tournament
3,Big Trouble
3,Big Two
3,Big Wave
3,Big Willy
3,Bigger
3,Bighorn River
3,Black Emperor
3,Black Empire
3,Black Flame
3,Black Fork
3,Black Fury
3,Black gang
3,Black Hawk Down
3,Black Horse Tavern
3,Black Lamp
3,Black Law
3,Black Love
3,Black marble
3,Black Moshannon
3,Black mud turtle
3,Black Out the Sun
3,Black pacu
3,Black Planet
3,Black Pond
3,Black River High School
3,"Black River, Nova Scotia"
3,"Black Rock, Nova Scotia"
3,Black Sails
3,Black Sash
3,Black Sea
3,Black Sea shad
3,Black Sessions
3,Black Site
3,Black snapper
3,Buckfast
3,Buckhorn Township
3,Buckingham Park
3,Buckingham Township
3,Buckler
3,Buckley School
3,Bucksville
3,Bucky O'Hare
3,Bucs
3,Bucsum
3,Bucșani
3,Bud Moore
3,Budak
3,Budapest Challenger
3,Budapest railway station
3,Buddenbrock
3,Buddy Ryan
3,Buddy system
3,Buddy's Song
3,Budeni
3,Budge
3,Budków
3,Budni
3,Budokan
3,Budukh
3,Budzisław
3,Buena High School
3,Buena Park
3,Buena Vista School District
3,"Buena Vista, Ohio"
3,Buenos Aires Airport
3,Buenos Aires District
3,Büderich
3,C109
3,C115
3,C127
3,C130
3,C215
3,C78
3,C94
3,C97
3,CA-26
3,CA-38
3,CA39
3,CA5
3,CAA Tournament
3,CAAF
3,Caaguazú
3,CAAH
3,CAAS
3,Cab rank
3,Cabalum
3,Cabannes
3,Cabarita
3,Cabe
3,Cabeza
3,CABI
3,Cabin Fever 2
3,Cabin Run
3,Cabinet Brundtland
3,Cabinet of Anders Fogh Rasmussen
3,Cabinet Office
3,Cabinet Room
3,Cabo Rojo
3,Cabo San Antonio
3,Caboclo
3,Caboonbah
3,Cabécar
3,Carabobo
3,Caraca
3,Caraguatay
3,Caraiman
3,Carambola
3,Caranus
3,Caratacus
3,Carazo
3,Carb
3,Carballeda
3,Carbon dioxide accumulation in Earth's atmosphere
3,Carbon dioxide scrubbing
3,Carbon Hill
3,Carbone
3,Carbonnel
3,Carbost
3,Carboxypeptidase D
3,Carcassonne
3,Carcopino
3,Carcuma
3,Cardal
3,Cardan
3,Cardigan Bay
3,Cardigan School
3,Cardinal Antonelli
3,Cardinal Borromeo
3,Cardinal Cybo
3,Cardinal Gibbons High School
3,Cardinal Heenan
3,Cardinal of Guise
3,Cardinal point
3,Cardinal vein
3,Cardmaker
3,Cardon
3,Cardón
3,Charles Vivian
3,Crampfish
3,Cramér's theorem
3,Cranberry Creek
3,Cranberry Elementary School
3,Crane
3,Crane School
3,Cranes Nest
3,Crankshaft
3,Cranley
3,Crans
3,Craon
3,Crash Bandicoot
3,Crash pad
3,Craters of the Moon
3,Cravant
3,Craven Park
3,Craviotto
3,Crawford Hall
3,Crawford State Park
3,Crawling Back to You
3,Craze
3,Crazy Bone
3,Crazy Crab
3,Crazy Enough
3,Durham Hall
3,Durham High School
3,Durham police
3,Duri
3,Durieu
3,Duroc
3,Durupınar
3,Duryea
3,Dush
3,Dushi
3,Dusina
3,Dusit Thani
3,Dusky frog
3,Dusky shrew
3,Dust of Life
3,Dustin Brown
3,Duszniki
3,Dutch
3,Dutch elm
3,Dutch Flat
3,Dutch Island
3,Dutch Korean
3,Dutch Pakistani
3,Duved
3,Duveen
3,Duvernay
3,Duveyrier
3,Duwamish
3,Dušan Jovanović
3,Dušan Petković
3,Dvalin
3,DVH
3,Dürrbach
3,Dürrenstein
3,Emiliano Gómez
3,FHV
3,FIA
3,Fiacre
3,FIAP
3,Fibis
3,Fibrodysplasia
3,Fibroid
3,FIBS
3,Ficarra
3,FICC
3,Ficklin
3,Fico's Cabinet
3,Fiddleback
3,Fiddlesticks
3,Fiddletown
3,Fidelia
3,Fidelity Bank
3,FIEC
3,Fiel
3,Field of blood
3,Field order
3,Field Studies
3,Field test
3,Field trip
3,Fieldwork
3,FIF
3,FIFA Fair Play Trophy
3,Fifeshire
3,FIFF
3,Fifteenmile Creek
3,Fifth Armored
3,Fifth Army
3,Fifth Avenue Historic District
3,Fifth Avenue Line
3,Fifth Fleet
3,Fifth Freedom
3,Francis Bacon
3,François Duval
3,Gamergate
3,Games Convention
3,Gamesphere
3,Gamla Ullevi
3,Gamma number
3,Gamp
3,Ganadevata
3,Ganbare
3,Gandahar
3,Gandaki
3,Ganden Phodrang
3,Gandhara City
3,Gandharva
3,Gandhi House
3,Gandomkar
3,Gandomriz
3,Gandul
3,Gandzak
3,Gandzasar
3,Ganehdar
3,Ganes
3,Gang Gang
3,Gang Green
3,Gangal
3,Gangda
3,Gangrene
3,Gangsta Gangsta
3,Gangsta's Paradise
3,Gangway
3,Ganit
3,Ganj Darreh
3,George Sherwood
3,George Simonds
3,George Small
3,George Smart
3,George Snell
3,George Snyder
3,George Soule
3,George Starr
3,George Steel
3,George Steele
3,George Stephen
3,George Stott
3,George Street Bridge
3,George Swift
3,George Symes
3,George Taylor House
3,George Thorn
3,George Thornton
3,George Throop
3,George Treby
3,George Troup
3,George Tupou
3,George V Bridge
3,George Vaughn
3,George Vernon
3,George W. Smith House
3,George W. Williams
3,George Walpole
3,George Warrender
3,George Washington House
3,George Weber
3,George Webster
3,George Welch
3,George Welsh
3,George Wentworth
3,Goldsberry
3,Goldsmith Prize
3,Goldthread
3,Goldwing
3,Goldwork
3,Gole
3,Goleh-ye Chah
3,Golek
3,Golfer
3,Golgun
3,Goliah
3,Golimar
3,Golladay
3,Golm
3,Golmud
3,Golo Brdo
3,Golonka
3,Golovin
3,Golrudbar
3,Golzari
3,Gomma
3,Gomont
3,Gompers School
3,Gomu
3,Gomuşçu
3,Gomyek
3,Gonbadan
3,Gonbe
3,Gołuchowice
3,Gołębie
3,Gołębiewo
3,Gołębiów
3,Gómez Suárez de Figueroa
3,Göllü
3,Gölsdorf
3,H&W
3,H. exigua
3,H. F. Ahmanson
3,H. formosa
3,H. frontalis
3,H. glaber
3,H. hirta
3,H. indica
3,H. intermedia
3,H. monstrosus
3,H. nepalensis
3,H. niger
3,H. pallida
3,H. polymorpha
3,H. ridleyi
3,H. robustus
3,H. rosea
3,H. rubra
3,H. spinosa
3,H. vulgaris
3,H12
3,H13
3,H18
3,H21
3,H23
3,H24
3,H26
3,H2A
3,H2R
3,H30
3,H31
3,H35
3,H36
3,H37
3,H40
3,H42
3,H47
3,H4H
3,H57
3,H80
3,H92
3,Haakon Magnusson
3,Haar
3,Haar Jeet
3,Haaren
3,Haas Building
3,Haathkadi
3,Helen of Sweden
3,Helen Palmer
3,Helen Shaw
3,Helen Stewart
3,Helen White
3,Helena of Bulgaria
3,Helena of Hungary
3,Helena Palaiologina
3,"Helena, Michigan"
3,Helenopolis
3,Helenus
3,Helenówka
3,Helgakviða
3,Helgrind
3,Helias
3,Helice
3,Hell Bent for Leather
3,Hell No
3,Hell Squad
3,Hell Train
3,Hell Yes
3,Hell's Belles
3,Hella
3,Hellenic Television
3,Hellfest
3,Hello Brother
3,Hello Love
3,"Hello Muddah, Hello Faddah!"
3,Hello Summer
3,Helmerich
3,Helmsdorf
3,Helmsley
3,Helmut Lang
3,Helmuth von Moltke
3,Helps
3,Helva
3,Helvetica
3,Hemchandra Barua
3,Hemicube
3,Hemington
3,Hemlock Creek
3,Hemp Farming Act
3,Hemraj
3,Hems
3,Hemshech
3,Hemsworth
3,Henan Elephants
3,Henbury
3,Henderson Creek
3,Henderson Hall
3,Henderson Island
3,Henderson Stadium
3,Henderson v. United States
3,Hendren
3,Hendrik Meijer
3,Henga
3,Hengam
3,John Carden
3,John Fiske
3,John Flannery
3,John Flint
3,John Floyer
3,John Fonblanque
3,John Fordyce
3,John Forney
3,John Fort
3,John Francis Moore
3,John Franz
3,John Frawley
3,John Freund
3,John Friedrich
3,John Furniss
3,John Gabriel
3,John Gagliardi
3,John Gaines
3,John Gall
3,John Gambling
3,John Gargan
3,John Garner
3,John Garnett
3,John Garrison
3,John Gayer
3,John Gayle
3,John Gell
3,John George I
3,John George II
3,John Gibbon
3,John Gifford
3,John Gilman
3,John Glen
3,John Glynne
3,John Gorrie
3,Kamen Rider
3,Kamence
3,Kamenicky
3,Kamenný Most
3,Kameyama
3,Kamešnica
3,Kamienna Wola
3,Kamień Mały
3,Kaminia
3,Kamino
3,Kamionka Mała
3,Kamitaki
3,Kamleshwar
3,Kamli
3,Kammavaripalem
3,Kammu
3,Kamo Station
3,Kamogata
3,Kamon
3,KAMP
3,Kampf
3,Kampong Parit
3,Kampung Baru
3,Kamran Khan
3,Kamran Khan Show
3,Kamraniyeh
3,"Kamsar, Iran"
3,Kamu
3,Kamui
3,Kamyk
3,Kan Balam
3,Kanaga
3,Kanaloa
3,Kanami
3,Kanaranzi
3,Kanata
3,Kanayama Station
3,Kancha
3,Kevin McCarthy
3,Maale
3,Maamendhoo
3,Maamor
3,Maariv
3,Maaya
3,Mabe
3,Mabel Todd
3,Maben
3,Mabey
3,Mabinogi
3,Mably
3,Mabus
3,Mac
3,Mac Classic
3,Mac1
3,Macarena
3,MacBrayne
3,MacCabe
3,MacCready
3,Macdonald conjecture
3,Macdonald River
3,Macdonald-Cartier
3,Macdowall
3,Maceda
3,Macedonia in the Middle Ages
3,Macedonian dialect
3,Macedonian Greeks
3,MACET
3,Martin Durkin
3,Mouzon
3,Move Along
3,Move It
3,Move Somethin'
3,Movement for Democracy
3,Movement for Democracy and Progress
3,Movement for Justice and Development
3,Movement of animals
3,Moves
3,Movie Madness
3,Movile
3,Movimiento al Socialismo
3,Movimiento Socialista de los Trabajadores
3,Movin
3,Moving average
3,Mowa
3,Mowden
3,Mowruiyeh
3,Mowry House
3,Moxon
3,Moyale
3,Moyenneville
3,Moyola
3,Mozart and Salieri
3,Mozhaysky
3,Mozi
3,Mozzi
3,MP 6
3,MP10
3,MP36
3,Mpack
3,Mpact
3,Murdo MacDonald
3,Möve
3,Möwe
3,Măceșu
3,Măcărești
3,Norman Parker
3,Parkers
3,Parkersburg Bridge
3,Parkland Elementary School
3,Parklife
3,Parks College
3,Parks in Hong Kong
3,Parkton
3,Parle-moi
3,Parliament Square
3,Parliamentary expenses scandal
3,Parmelee
3,Parmelia
3,Parmenion
3,Parmesan
3,Parnell Township
3,Parnkalla
3,Paroa
3,Parol
3,PARP
3,Parque Central
3,Parrack
3,Parrilla
3,Parris
3,Parris Island
3,Parrot cichlid
3,Parrot Pie
3,Parry Island
3,Pars membranacea
3,Parsol
3,Parsons Green
3,Pat Crawford
3,Peter Welsh
3,Punarnava
3,Punch Drunk Love
3,Punctuating
3,Pungert
3,Punia
3,Punishment
3,Punjab Assembly
3,Punjabi
3,Punk's Not Dead
3,Punkie
3,Punkin Center
3,Puns
3,Punta Delgada
3,Punta Negra
3,Puntian
3,Punto
3,Punto Fijo
3,Punwar
3,Pupki
3,Puppet man
3,Puppy chow
3,Pur
3,Purana
3,Purandar
3,Puraz
3,Purbach
3,Purcăreni
3,Pure (language)
3,Pure and Simple
3,Pure Love
3,Purely functional
3,Puren
3,Pureza
3,Purgatorio
3,Purina
3,Purity of Essence
3,Purkan
3,Purnell House
3,Puro
3,Puro Amor
3,Purolator
3,Purple Onion
3,Purpura
3,Purr
3,Puruṣārtha
3,Purépecha
3,Robert Frazier
3,Robert Frost
3,Robert Frost Farm
3,Robert Fulford
3,Robert Geary
3,Robert Gentry
3,Robert Gerry
3,Robert Gibb
3,Robert Gilbert
3,Robert Gilmour
3,Robert Glass
3,Robert Goff
3,Robert Gooch
3,Robert Gorman
3,Robert Gould Shaw
3,Robert Grady
3,Robert Gray Elementary School
3,Robert Greenhill
3,Robert Gregg
3,Robert Griffith
3,Robert Groom
3,Robert Groves
3,Robert Hackett
3,Robert Hales
3,Robert Hare
3,Robert Harland
3,Robert Harte
3,Robert Hartmann
3,Robert Hatch
3,Robert Hayden
3,Robert Hecht
3,Robert Heron
3,Robert Hichens
3,Robert Horner
3,Robert Hoyt
3,Robert Hume
3,Robert McCall
3,Saint Alan
3,Saint Alina
3,Saint Alphage
3,Saint Amatus
3,Saint Arnold
3,Saint Augustine in His Study
3,Saint Beatrice
3,Saint Benin
3,Saint Bridget
3,Saint Brieuc
3,Saint Brigid's Church
3,Saint Caesarius
3,Saint Christina
3,Saint Clair High School
3,Saint Clare
3,Saint Crispin
3,Saint Croix Island
3,Saint Dalmatius
3,Saint Denise
3,Saint Emma
3,Saint Faustinus
3,Saint Fidelis
3,Saint Francis Receiving the Stigmata
3,Saint Gertrude
3,Saint Gordianus
3,Saint Hilary
3,Saint Ignatius College
3,Saint John's Tower
3,Saint Joseph Boulevard
3,"Saint Joseph, Indiana"
3,Saint Lambert's Cathedral
3,Sarah Macdonald
3,Snow goose
3,Snow Island
3,Snow Park
3,Snow Valley
3,Snowball effect
3,Snowbell
3,Snowdome
3,Snowed Under
3,Snowicane
3,Snowrider
3,Snowville
3,SNSD
3,SNTE
3,Snuffles
3,Snydertown
3,So Cool
3,So I Married an Anti-fan
3,So Low
3,So Lucky
3,So Much More
3,So There
3,Soapbox
3,Soave
3,Soaw
3,Soay
3,Sobeknakht
3,Soberanismo
3,The Apprenticeship of Duddy Kravitz
3,The Big Killing
3,The Big Night
3,The Big Question
3,The Big Score
3,The Big Sound
3,The Buddha of Suburbia
3,The Crazies
3,The Crazy Cajun
3,The Dutch House
3,The Turmoil
3,Turkey River
3,Turkey trot
3,Turkeytown
3,Turkic nationalism
3,Turkish March
3,Turkmenia
3,Turku observatory
3,Turla
3,Turlington
3,Turn Castle
3,Turn It Around
3,Turn Left
3,Turn Me Loose
3,Turn Out the Lights
3,Turn the Tide
3,Turna
3,Turnabout
3,Turnabout Island
3,Turner Gallery
3,Turner High School
3,Turnerize
3,Turnersville
3,Turnerville
3,Turnin' Me On
3,Turnpike Lane
3,Turov
3,Turowice
3,Turpentine
3,Turpitude
3,Turtles in Time
3,Turtling
3,Turunmaa
3,Turunçlu
3,Turşsu
3,Türkmenbaşy
3,Türkmən
3,UBLS
3,Ubykh
3,Ucam
3,UCFA
3,UCG
3,Uch Daraq
3,Uchil
3,Uchimura
3,Uchitel
3,UCLA
3,UCSA
3,UCTV
3,Udai Singh
3,Udaipur city
3,Udalricus
3,Udaya
3,Udayabhanu
3,Udayam
3,Udayana
3,UdeM
3,UDJ
3,Udmurtia
3,Udon
3,UDP
3,Udrești
3,Uduk
3,UDX
3,UEFA European Qualifiers
3,Vilhena
3,Villa Guerrero
3,Villa Malta
3,Villa Medici
3,Villa Pallavicini
3,Villa Reale
3,Villa Unión
3,Villa Valmarana
3,Village Law
3,Villalba
3,Villamil
3,Villanova College
3,Villarceau
3,Villares
3,Villavicencio
3,Villawood
3,Villines
3,Villon
3,Villus
3,Viltis
3,Vilyuysk
3,Vimanam
3,Vimieiro
3,Vimolj
3,Vimont
3,Vinaigrette
3,Vinal
3,Vinary
3,Vinayaditya
3,Vince Lee
3,Vince Williams
3,Visi
3,Visible light
3,Vision City
3,Vision Quest
3,Vision system
3,Vision Thing
3,Visionaries
3,Visit
3,Visn
3,Visnapuu
3,Viso
3,Visočica
3,VISP
3,Visqueen
3,Vissel
3,Vist
3,Vistan
3,Visto
3,Vital statistics
3,Vitali theorem
3,Vitamin C
3,Vitamin R
3,Vitello
3,Vitinho
3,Vitkovac
3,Vitolo
3,Vitovlje
3,Vitra
3,Vitrac
3,Vitrolles
3,Vitulus
3,Viva Health
3,Viva la Muerte
3,Viva la revolución
3,Vivaldi
3,Vivandière
3,Vivek Singh
3,Vivekanandan
3,Vivendi
3,Vivian Brown
3,Vivian Jones
3,Višňové
3,Vítor Baptista
3,Welcome to the Freakshow
3,Welcome to the Future
3,Welcome to the Show
3,Welford Road
3,WELG
3,Well Oiled
3,Wellfleet
3,Wellford
3,Wellington Land District
3,Wells
3,Wells Creek
3,Wells Fargo Arena
3,"Wells Township, Michigan"
3,Wellspring
3,Welly
3,Welsbach
3,Welsh Harp
3,Welsh Highland Railway rolling stock
3,Welsh Open
3,Welsh revival
3,Welt
3,Welte
3,Weltmeister
3,Welzbach
3,Wembley tube station
3,Wen Yang
3,Wendake
3,Wendat
3,Wendel
3,Çardaqlı
2,.cab
2,Agenor Gołuchowski
2,Alexander Golitsyn
2,Apostolic Vicariate of the Eastern District
2,Apostolius
2,Apostolos
2,Apothecaries Hall
2,Apotome
2,APP6
2,Appachan
2,Appalachian State Mountaineers basketball
2,Appanoose Township
2,Apparent time
2,Appassionato
2,APPD
2,Appiano
2,Apple Blossom
2,"Apple Grove, West Virginia"
2,Apple River
2,Apple Valley Airport
2,Apple Valley High School
2,Apple wine
2,Appledale
2,Applehead
2,Apples and Pears
2,Applesoft
2,Appleton Academy
2,Application development
2,Applicator
2,Applied logic
2,Appling
2,Appolo
2,Appomattox
2,Appreciation
2,APPRO
2,Appropriations Committee
2,Approximately finite-dimensional
2,Appu
2,APQ
2,APRA
2,APRA Awards
2,Apradhi Kaun
2,Apricorn
2,Apricotine
2,April 2018 Kabul suicide bombing
2,April Brooks
2,April Rose
2,April Scott
2,Apriltsi
2,APRT
2,APSAC
2,Apsey
2,Apsorrus
2,APTA
2,Aptekarsky Ostrov
2,Backer board
2,Backformed
2,Background Briefing
2,Backhouse
2,Backline
2,Backshot
2,Backstreet Boys
2,Backstreet Dreams
2,Backyard Babies
2,Backyard Brawl
2,Backyard football
2,Bacon and eggs
2,Baconianism
2,Baconism
2,Bacterial rhodopsin
2,Bacterium
2,Bacteroid
2,Bacton Green
2,Baczki
2,Baczków
2,Baczyna
2,Bad Azz
2,Bad Family
2,Bad food
2,Bad for Me
2,Bad Liar
2,Bad Luck Creek
2,Bad Medicine
2,Bad Monkey
2,Bad of the Heart
2,Bad Romance
2,Badagaun
2,Badakənd
2,Badaman
2,Badamu
2,Badarah
2,Badausa
2,Baday
2,Badcall
2,Badea
2,Badeh
2,Baden District
2,Badengan
2,Barry Turner
2,Bačkov
2,Big Hit
2,Big Horn County
2,Big in Japan
2,Big Indian Creek
2,Big John Hamilton
2,Big L
2,Big Little Lies
2,"Big Marsh, Nova Scotia"
2,"Big Meadows, California"
2,Big Nick
2,Big River Township
2,Big Rob
2,Big Rock Creek
2,Big Rock Township
2,Big Salmon
2,Big Salmon River
2,Big Sandy High School
2,Big Seven
2,Big Seven Conference
2,Big Sky Conference Tournament
2,Big South Tournament
2,Big Spring State Park
2,Big Talker
2,Big Ten Conference Basketball Tournament
2,Big Thinkers
2,Big Ticket
2,Big Two Comics
2,Big W
2,Big-headed rice rat
2,Bigelow School
2,Bigga
2,Bight
2,Biglar
2,Bigmouth
2,Black Fell
2,Black Fire
2,Black flathead
2,Black Forest Railway
2,Black French
2,Black God
2,Black Hammer
2,Black Hammock
2,Black Hawk Lake
2,Black Hawk War
2,Black Hereford
2,Black Jesus
2,Black Knife
2,Black Lace
2,Black Lough
2,Black mark
2,Black Market Music
2,Black Math
2,Black May
2,Black Mist Scandal
2,Black Mountain National Park
2,Black Night
2,Black note
2,"Black Oak, Indiana"
2,Black Oil
2,Black on white
2,Black Parade
2,Black Patch
2,Black Patti
2,Black Pete
2,Black pill
2,Black rage
2,Black Rain
2,Black rat
2,Black rice
2,Black River Bridge
2,Black River Escarpment
2,"Black River, New Brunswick"
2,Black salt
2,Black Scots
2,Black seed
2,Black September
2,Black shaheen
2,Black Siren
2,Brian McBride
2,Brian Wells
2,Buckfield
2,Buckhart
2,"Buckhart Township, Illinois"
2,Buckholt
2,Buckhorn Lake
2,"Buckhorn, California"
2,Buckhurst Park
2,"Buckingham Township, Pennsylvania"
2,Buckinghamshire
2,Buckley LJ
2,Bucklige Welt
2,Bucklin
2,Bucklin Township
2,Buckling
2,Bucknall
2,Buckner
2,Bucko
2,Bucks County Council
2,Bucks Fizz
2,"Buckskin Joe, Colorado"
2,Buckyball
2,Bucyrus Township
2,Bucznik
2,Bucșa
2,Bud Brown
2,Bud Thomas
2,Budacu
2,Budaka
2,Budanov
2,Budaung
2,Budd House
2,Budd Peak
2,Buddam
2,Buddhabhadra
2,Budding
2,Buddy Baker
2,Buddy Cole
2,Buddy Green
2,Buddy Jones
2,Buddy Lucas
2,Buddy Rogers
2,Buddy Williams
2,Budhabare
2,Budhanilkantha
2,Budislav
2,Budiu
2,Budișteni
2,Budkov
2,Buduma
2,Budućnost
2,Budweiser 200
2,Budweiser 500
2,Budy Michałowskie
2,Budza
2,Budziszyn
2,Budziszów
2,Budăi
2,Budějovice
2,Buehlau
2,Buekenhout
2,Buena Vista
2,Buena Vista Park
2,Buenos Aires International Airport
2,Buenos Aires Lake
2,Buerton
2,Bácskai Újság
2,Bâcu
2,C-310
2,C105
2,C108
2,C111
2,C120
2,C122
2,C128
2,C301
2,CA Fenix
2,CA Paris
2,CA-134
2,CA129
2,CA242
2,CA3
2,CA4
2,CA6
2,CA74
2,CAAB
2,Caballo
2,Cabanès
2,Cabasse
2,Cabatuan
2,Cabbage soup
2,Cabbagetown
2,Cabin boy
2,Cabinet Bondevik
2,Cabinet Kretschmann
2,Cabinet of Aleksandar Vučić
2,Cabinet of Alexis Tsipras
2,Cabinet of Donald Tusk
2,Cabinet of Giorgi Kvirikashvili
2,Cabinet of Marek Belka
2,Cabinet of Moltke
2,Cabinet of Waldemar Pawlak
2,Cabinet Seehofer
2,Cabinet Stoltenberg
2,Cabinet Söder
2,Cabinet Wulff
2,Cabir
2,Cable matcher
2,Cable theft
2,Cabo de Santa Maria
2,Cabo Delgado
2,Cabot Tower
2,Cabralzinho
2,Cabras
2,Camilo Gomez
2,Carabayllo
2,Carabias
2,Carabiniers Mont-Royal
2,Caracușenii
2,Carakan
2,Caraman
2,Caramella
2,Caramoor
2,Caraquet
2,Carara
2,Carate
2,Caraz
2,Carbajal
2,Carbine Club Stakes
2,Carbisdale
2,Carbolic
2,Carbon dioxide snow
2,Carbon filament
2,Carbon nanotube transistor
2,Carbonado
2,Carbonate
2,Carbondale Township
2,Carbonera
2,Carbonera Formation
2,Carbonite
2,Carbrook
2,Carcajou
2,Carcasse
2,Carcedo
2,Card holder
2,Card Sharks
2,Cardel
2,Carden House
2,Carder
2,Cardew
2,Cardiac notch
2,Cardial
2,Cardiff Central
2,Cardiff North
2,Cardiff South and Penarth
2,Cardiff Three
2,Cardiff West
2,Cardilate
2,Cardinal and Hoosier State
2,Cardinal de Talleyrand-Périgord
2,Cardinal de Tournon
2,Cardinal Grimaldi
2,Cardinal Hayes
2,Cardinal Howard
2,Cardinal Manning
2,Cardinal O'Brien
2,Cardinal of Foix
2,Cardinal of Milan
2,Cardinal Records
2,Cardinal sign
2,Cardinal Spellman High School
2,Cardinal Vannutelli
2,Cardita elegans
2,Cardoen
2,Ca’ Corner della Regina
2,Charles Wells
2,CL-41
2,Claude Duval
2,Craig Township
2,Craig Walker
2,Craig Wallace
2,Craig Ward
2,Craig y Forwyn
2,Craig Young
2,Craig-y-Nos
2,Craigieburn
2,Craigmont
2,Craigmount
2,Craigsville
2,Craigville
2,Craiova River
2,Crais
2,CRAJ
2,Cranberry River
2,"Cranberry Township, Pennsylvania"
2,Cranbrook railway station
2,Crandon
2,Crane Company Building
2,Crane Creek Township
2,Crane Elementary School District
2,Crane School District
2,"Crane Township, Ohio"
2,Craney Island
2,Cranford
2,Crang
2,Craniotome
2,Crankcase
2,Cranley Gardens
2,Cranmer Hall
2,Cranmer House
2,Crantor
2,Cras
2,Crashing Hollywood
2,Crasnîi
2,Craspedocephalus brasiliensis
2,Crataegus apiifolia
2,Crataegus pubescens
2,Cratering
2,Crateuas
2,Crathis
2,Crathorne
2,Cratippus
2,Crato
2,Crawfish Creek
2,Crawfish Lake
2,Crawford Bay
2,Crawford Corners
2,Crawford County High School
2,Crawford Depot
2,Crawford railway station
2,Crawford River
2,"Crawford Township, Kansas"
2,"Crawford Township, Ohio"
2,"Crawford, Alabama"
2,Crawfordville
2,Crawl Away
2,Crawl frog
2,Cray House
2,Crayford
2,Crayne
2,Crazier
2,Crazy Days
2,Crazy Ex-Girlfriend
2,Crâng
2,Crăsnișoara
2,Cárdenas
2,Cărbunele River
2,David Bader
2,Durham Gospel Fragment
2,Durham v. United States
2,Durhamville
2,Durian pipit
2,Durium
2,Durkan
2,Durlan
2,Durobrivae
2,Duros
2,Durrow
2,Durrus and District history
2,Duruçay
2,Durville
2,Duschnik
2,"Dushan, Iran"
2,Dusi
2,Duska
2,Dusky damselfish
2,Dusky flycatcher
2,Dusky palm squirrel
2,Dust of Dreams
2,Dust of Time
2,Dust off
2,Dust to Dust
2,Dustair
2,Dustin Brooks
2,Dusty Miller
2,Dutch brick
2,Dutch Council
2,Dutch Guiana
2,Dutch Hollow
2,Dutch Landrace
2,Dutch Leonard
2,Dutch process
2,Dutch Public Broadcasting
2,Dutch studies
2,Dutchtown High School
2,"Dutchtown, New Jersey"
2,Dutsi
2,Dutuheh
2,Duun
2,Duval County
2,Duveneck
2,Duvvuri
2,Duyên Hải
2,Duzkend
2,Dušan Mladenović
2,Dušan Popović
2,Dușești
2,DVBS
2,DVCS
2,DVD R
2,DVDA
2,Dvdrw
2,DVFS
2,Dürnau
2,Düsseldorf Open
2,Düyərli
2,Düzqışlaq
2,Eric Parker
2,FHW
2,FIA Formula Two Championship
2,FIAA
2,Fiador
2,FIAN
2,Fiance
2,Fiane
2,Fiano
2,Fiat 1500
2,Fiat-Revelli machine gun
2,Fibe
2,Fiber type
2,Fibonacci's identity
2,Fibrolite
2,Fibrous capsule
2,Fichte
2,Fictitious person
2,Fidalgo
2,Fidarreh
2,FIDC
2,Fiddlers Green
2,Fide
2,Fidei
2,Fidel
2,Fidel Castro
2,Fidelity Building
2,Fidelman
2,Fidesco
2,FIDF
2,FIDS
2,FIDSA
2,Fiebre de Amor
2,Field dog
2,Field dressing
2,Field marshall
2,Field mill
2,Field pea
2,Field Township
2,Fieldia
2,Fieldon
2,Fields Creek
2,Fieldston
2,Fierarul River
2,Fierce
2,Fieru River
2,Fiesa
2,Fiesso
2,FIET
2,FIFC
2,Fife Central
2,Fife North East
2,FIFM
2,Fifteen Years War
2,Fifth Avenue Place
2,"Fifth Church of Christ, Scientist"
2,Fifth Down Game
2,Fifth encirclement campaign
2,Fiães
2,Frank Buckley
2,Game system
2,Gamedev
2,Gamerki
2,Games magazine
2,Games Research
2,Games That Lovers Play
2,Gameshow Marathon
2,Gamete donation
2,Gametocytogenesis
2,Gamewave
2,Gamghol
2,Gamhariya
2,Gamine
2,Gamishli
2,Gamits
2,Gamka
2,Gamm
2,Gamma Phi Delta
2,Gamma ray observatory
2,Gamma test
2,Gammy
2,Gamperaliya
2,Gamston
2,Gana language
2,Ganado High School
2,Ganang language
2,Ganapati Sastri
2,Ganas
2,Gandab-e Olya
2,Gandab-e Sofla
2,"Gandabeh, Khorramabad"
2,Gandalf
2,Gandan
2,Gande
2,Gandersheim
2,Gandhi
2,Gandhi Ashram
2,Gandhi family
2,Gandhi International Airport
2,Gandomban
2,Gandra
2,"Gandu, Iran"
2,Gandyab
2,Gang banger
2,Gang Related
2,Ganga Dynasty
2,Ganga Gowri
2,Ganga Sagar
2,Gangadhar
2,Gangapur Rajasthan
2,Gangdong
2,Gangleri
2,Ganglion
2,Ganglion of vagus nerve
2,Gangs of London
2,Gangs of New York
2,Gangster Squad
2,Ganigan
2,Ganime
2,Ganj Afruz
2,Ganj Kola
2,Ganja language
2,Ganjabad-e Olya
2,Gary MacDonald
2,George Buckley
2,George Shipley
2,George Shiras
2,George Sim
2,George Sisler
2,George Skinner
2,George Smeaton
2,George Somers Clarke
2,George Sondes
2,George South
2,George Southwick
2,George Souza
2,George Spratt
2,George Stagg
2,George Staunton
2,George Sternberg
2,George Stocking
2,George Stoney
2,George Story
2,George Stratton
2,George Strickland
2,George Strutt
2,George Susce
2,George Tanner
2,George Tebbetts
2,George Temple
2,George Terry
2,George the Rich
2,George Thornhill
2,George Tichenor
2,George Torrance
2,George Towns
2,George Tranter
2,George Trenchard
2,George Trimble House
2,George Tuck
2,George Tully
2,George Tyson
2,George Vaillant
2,George Valentine
2,George Vaughan
2,George VII
2,George VIII
2,George Vivian
2,George W. Casey
2,George Wadsworth
2,George Wagoner
2,George Wales
2,George Walsh
2,George Walter
2,George Walters
2,George Walther
2,George Wang
2,George Washington Brown
2,George Washington Colonials basketball
2,George Washington Johnson
2,George Washington Memorial Park
2,George Washington School
2,George Washington Vanderbilt
2,George Watters
2,George Weaver
2,George Weidler
2,George Wharton
2,George Wheler
2,George Whitby
2,George Whitcomb
2,George Whitesides
2,Goldville
2,Goldway
2,Goleasca
2,Goleh Jar
2,Goleh-ye Cheshmeh
2,Golejów
2,"Golem, Albania"
2,Golema
2,Golenishchev-Kutuzov
2,Golestanak
2,Goleta
2,Golf 2
2,Golf class
2,Golf Club Halt railway station
2,Golf course
2,Golfo Dulce
2,Goli
2,Goli Daraq
2,Goliath grouper
2,Golkhaneh
2,Golkowice
2,Golla
2,Gollancz
2,Gollancz Prize
2,Golle
2,Gollub
2,Golmarz
2,Golovinsky
2,Gols
2,Golsar
2,Golshavar
2,Golubić
2,Golubići
2,Golubovac
2,Golulan
2,Golyam Izvor
2,Golęcino
2,Golędzinów
2,Goman
2,Gomanj
2,Gomasta
2,Gomati
2,Gombak
2,Gomel Province
2,Gomez incident
2,Gomi
2,Gomidas
2,Gommecourt
2,Gommerville
2,Gomora
2,Gomory
2,Gomphus
2,Gomur
2,Gonadal torsion
2,Gonal
2,Gonatopus
2,Gonave
2,Gonbad-e Sorkh
2,Gonbadbardi
2,Gonbadli
2,Gonbaki
2,Gonbaleh
2,Gonçalo Duarte
2,Gołkowo
2,Gołocin
2,Gołuchów
2,Gómez Palacio
2,Gölgeli
2,Göltarla
2,Gömmece
2,Gömür
2,Găneasa
2,H&I
2,H&P
2,H&R
2,H. fenestrata
2,H. ferruginea
2,H. foliata
2,H. fragilis
2,H. G. Nelson
2,H. G. Ramesh
2,H. glabra
2,H. hastata
2,H. hastatus
2,H. imbricata
2,H. indicus
2,H. japonicus
2,H. legrandi
2,H. lutea
2,H. maculatum
2,H. melanoleuca
2,H. metallica
2,H. microdon
2,H. militaris
2,H. minuta
2,H. Mitchell
2,H. neglecta
2,H. nigra
2,H. nobilis
2,H. portoricensis
2,H. Ramat-Gan
2,H. robusta
2,H. roseus
2,H. sancta
2,H. sanguinea
2,H. scandens
2,H. Thompson
2,H. velifer
2,H. verticillata
2,H. W. Lawton
2,H.A.A.R.P
2,H.G. Stoker
2,H.R. 6
2,H120
2,H25
2,H28
2,H3
2,H34
2,H38
2,H39
2,H3K27
2,H45
2,H54
2,H59
2,H64
2,H99
2,Ha Ha Ha
2,Ha Jae-hoon
2,Ha Matela
2,Ha Yu
2,Haakon VII
2,Haapala
2,Haarlem
2,Haathi Mere Saathi
2,Haava
2,Haba Station
2,Hababeh
2,Habacuc
2,Helen Nash
2,Helen O'Neill
2,Helen of Croatia
2,Helen of Greece
2,Helen Parr
2,Helen Resor
2,Helen Roberts
2,Helen Trent
2,Helen Ward
2,Helen Watson
2,Helen Woods
2,Helen's Babies
2,Helena micropolitan area
2,Helena Township
2,Helene-Lange-Schule
2,Helge
2,Helgi the Sharp
2,Helgoland class
2,Helhoek
2,Heliactis venusta
2,Heliaea
2,Helicina
2,Helicine arteries
2,Helicoptering
2,Helinho
2,Helional
2,Heliopause
2,Helios 2
2,Heliotrope
2,Heliu
2,Helizabad
2,Helkath
2,Hell (novel)
2,Hell Ain't a Bad Place to Be
2,Hell for Certain
2,Hell Hath Fury
2,Hell If I Know
2,Hell Is For Children
2,Hell night
2,Hell Patrol
2,Hell Scroll
2,Hell's Heroes
2,"Hell, etc"
2,Hellanicus
2,Hellawes
2,Hellbender
2,Helldiver
2,Hellenic
2,Hellespontus
2,Hellesøy
2,Hellgrammite
2,Hellier
2,Helligan
2,Hellingrath
2,Hellmuth Wolff
2,Hello Friends
2,Hello Good Morning
2,Hello I Love You
2,Hello Old Friend
2,Hello Operator
2,Hells Canyon Wilderness
2,Hellspawn
2,Hellweg
2,Helly Nahmad
2,Helmbach
2,"Helmsdale, Alberta"
2,Helmut Möckel
2,Helorum
2,Heloísa Helena
2,Help Me
2,Help Me Help You
2,Help the Needy
2,Helsingin pitäjä
2,Helsinki Commission
2,Helt
2,Helter Shelter
2,Helvete
2,Helvey
2,Helvig
2,Heman
2,Hemangiomatosis
2,Hemans
2,Hemavati
2,Hemberg
2,Hemichroa
2,Hemicircle
2,Hemiolia
2,HemisFair
2,Hemmatabad-e Olya
2,Hemmatabad-e Zamanabad
2,Hemophage
2,"Hempfield Township, Pennsylvania"
2,Hemse
2,Hemshin
2,Hemsterhuis
2,Hena
2,Henabad
2,Henan
2,Henchir-El-Hammam
2,Hend
2,Hendecourt
2,Henderson Commercial Historic District
2,Henderson County Courthouse
2,Henderson Lake
2,"Henderson Township, Pennsylvania"
2,Henderson-Sellers
2,Hendersonville High School
2,Hendi
2,Hendovan
2,Hendra Gunawan
2,Hendricks Field
2,Hendrik Witbooi
2,Hendrum
2,Heng On
2,Hengam Rural District
2,Henry Bacon
2,Hernán Gómez
2,Hussey Vivian
2,Hélie de Talleyrand-Périgord
2,Jackie Aprile
2,James McCallum
2,Jan Káňa
2,John Bacon
2,John Finegan
2,John FitzRoy
2,John FitzThomas FitzGerald
2,John Fleck
2,John Fleet
2,John Fleetwood
2,John Foran
2,John Forbes-Robertson
2,John Foreman
2,John Forest
2,John Forward
2,John Fowell
2,John Francis Cunningham
2,John Francis Fitzgerald
2,John Francis McGrath
2,John Frandsen
2,John Frankel
2,John Franks
2,John Freeman-Mitford
2,John Freind
2,John Frelinghuysen
2,John Frewen
2,John Frith
2,John Fritsche
2,John Furlong
2,John Furse
2,John G. Kerr
2,John G. Myers
2,John G. Walker
2,John Gaddis
2,John Gallus
2,John Gandy
2,John Garbh Maclean
2,John Garrard
2,John Gartner
2,John Garton
2,John George Smyth
2,John Gerber
2,John Giordano
2,John Glennon
2,John Goetz
2,John Gonzales
2,John Goodison
2,John Joseph McGrath
2,Kamembe
2,Kamenik
2,Kamenitza
2,Kamenná Poruba
2,Kamenný Újezd
2,Kameyama Castle
2,Kameyama Station
2,Kami
2,Kami no Shizuku
2,Kamiane
2,Kamienka
2,Kamienny Most
2,Kamiesberg
2,Kamijō Station
2,Kamikiri
2,Kamimachi
2,Kamineni
2,Kamionek Wielki
2,Kamisawa Station
2,Kamisugi Station
2,Kamičak
2,KAML
2,Kamlar
2,Kamlesh Patel
2,Kammer
2,Kamna Gorica
2,Kamogawa
2,Kamonomiya Station
2,Kamora
2,Kampan
2,Kampar
2,Kampel
2,Kampen Church
2,Kampeska
2,Kampfgruppe
2,Kampia
2,Kampionato
2,Kampong Bukit Beruang
2,Kampong Pandan
2,Kampong Svay
2,Kampong Thom
2,Kamraj
2,"Kamran, Iran"
2,Kamrieng
2,Kamrup
2,KAMT
2,Kamtuleh
2,Kamy
2,Kamyshlovsky
2,Kamyshlu
2,Kamyzyak
2,Kamýk
2,Kan Khan
2,Kana language
2,Kanagal
2,Kanagawa
2,Kanagawa Station
2,Kanakachilanka
2,Kanakanavu
2,Kanal 1
2,"Kanan, Iran"
2,Kanaris
2,Kanatsu
2,Kanavis
2,KANB
2,Kanbalu
2,Maadhoo
2,Maaka
2,Maalhos
2,Maaman Magal
2,Maaraba
2,Maarandhoo
2,Maarif
2,Maastrichtian
2,Mabadin
2,Mabashi
2,Mabea
2,Mabel Woodward
2,Mabo v Queensland
2,Mac McCutcheon
2,Mac Wilson
2,Macacos River
2,Macal
2,Macalister Range
2,Macallé
2,Macambira River
2,Macamic
2,Macara
2,Macarlar
2,MacArthur station
2,Macau Ferry Terminal
2,Macaw
2,Maccabi Ramat Gan
2,Maccabi Rishon LeZion
2,Macchiato
2,Macclesfield railway station
2,Macdonald Block
2,Macdonald ministry
2,MacDonald Park
2,MacDonald Taylor
2,"Macedonia, Texas"
2,Macedonian anthem
2,Macedonian army
2,Macedonian cuisine
2,Macedonian culture
2,Macedonian diaspora
2,Macedonian language
2,Macedonian NLA
2,Macedonian Orthodox Church
2,Macedonian Prva Liga
2,Macedonians in Greece
2,Maceo
2,Maceo-Dickinson line
2,MacGill-Eain
2,MacGreevy
2,MacGyver
2,Maçanet
2,Mače
2,Michael Fields
2,Move It On Over
2,Move Me
2,Move That Body
2,Move with You
2,Movement of Free Citizens
2,Movement parameter
2,Movie map
2,Movies & TV
2,Movin' Up
2,Moving Melbourne
2,Moving parts
2,Moving to Mars
2,Mowlan
2,Mowniyeh
2,Mowse
2,Moxico
2,Moy House
2,Moycullen
2,Moyen-Chari
2,Moyers
2,Moyeuvre
2,Moylagh
2,Moyne
2,Moytoy
2,Moyu
2,Mozabite
2,Mozaiq
2,Mozambique frog
2,Mozdoksky
2,Mozelle
2,Mozelos
2,Mozhi
2,MP 25
2,MP 28
2,MP United FC
2,MP8
2,Mpama
2,Mövenpick
2,Parker's Cove
2,Parker's Woods
2,Parkerization
2,Parkers Prairie
2,Parkertown
2,Parkerville
2,Parkeston
2,Parkham
2,Parkhead
2,Parkland Beach
2,Parklawn
2,Parklife Festival
2,Parkman
2,Parkovy
2,Parkside Elementary School
2,"Parkside, New Jersey"
2,Parkview Apartments
2,Parkview Historic District
2,Parkville campus
2,Parkway High School
2,Parkway West High School
2,Parkwood
2,Parkwood Elementary School
2,Parle
2,Parleza
2,Parliament of Korea
2,Parliament of Negrete
2,Parliament TV
2,Parliamentarian
2,Parliamentary Bureau
2,Parliamentary Standards Commissioner
2,Parlick Fell
2,Parma Township
2,Parmenides
2,Parmigiano
2,Parnac
2,Parnasala
2,Parnavaz
2,Parnay
2,Parnell Hall
2,"Parnell Township, Minnesota"
2,Parnica
2,Paroli
2,Paroreia
2,Parota
2,Paroxysmal hemoglobinuria
2,Paroy
2,Parque del Recuerdo
2,Parquet
2,Parramatta Park
2,Parry Thomas
2,Parrya
2,Pars ascendens
2,Pars descendens
2,Parse table
2,Parshall
2,Parsimony
2,Parski
2,Parsko
2,Parskuh
2,Parsons Boulevard
2,Parsonsfield
2,Parsonstown
2,Punch
2,Punctate keratoderma
2,Pune Marathas
2,Pungence
2,Pungsan
2,Pungupungu language
2,Puni
2,Puning Temple
2,Punjab cricket team
2,Punjab Police
2,Punjab Regiment
2,Punjabi alphabet
2,Punk Rock Confidential
2,Punko
2,Punta Carnero
2,Punta de Piedras
2,Punta de Rieles
2,Punta Gorda Airport
2,Puntang
2,Punya
2,Pupa Rebbe
2,Pupper
2,Puppets of Fate
2,Puppy love
2,Purandara
2,Purappadu
2,Purari
2,Purba
2,Purcell High School
2,Purcăreț
2,Pure Country
2,Pure McCartney
2,Pureba
2,Pureness
2,Purgan
2,Puri
2,Puri Puri
2,Purine synthesis
2,Purity Cherotich
2,Puroik
2,Purolator 500
2,Purple Belt
2,Purple rock crab
2,Purple Storm
2,Purpurin
2,Purser
2,Purslow
2,Purton
2,Puru River
2,Pârlita
2,Raymond Apple
2,Richard Crampton
2,Robert Freedman
2,Robert Friedman
2,Robert Friend
2,Robert Fry
2,Robert Frye
2,Robert Fudali
2,Robert Funk
2,Robert G. Smith
2,Robert Gilliam
2,Robert Gilmore
2,Robert Godfrey
2,Robert Godwin
2,Robert Goldston
2,Robert Greenberg
2,Robert Gregson
2,Robert Grier
2,Robert Guthrie
2,Robert Hahn
2,Robert Harcourt
2,Robert Hargrove
2,Robert Harling
2,Robert Harlow
2,Robert Harms
2,Robert Harry
2,Robert Haslam
2,Robert Hatton
2,Robert Hauser
2,Robert Hendrickson
2,Robert Hibbert
2,Robert Hilton
2,Robert Hines
2,Robert Honyman
2,Robert Hook
2,Robert Humphrey
2,Robert Hungerford
2,Robert Hurley
2,Robert Hurt
2,Robert Ingalls
2,Robert Ingram
2,Robert Mowbray
2,Rory McAllister
2,Saint Alphonsus
2,Saint Amelia
2,Saint Andronicus
2,Saint Anselm's College
2,Saint Augustine Elementary School
2,Saint Aurea
2,Saint Barthélemoise
2,Saint Basil Academy
2,Saint Bee
2,Saint Beuve
2,Saint Castor
2,Saint Clare's Hospital
2,Saint Croix Falls
2,Saint Cronan
2,Saint Dasius
2,Saint Edith
2,Saint Elvis
2,Saint Eunan
2,Saint Faustina
2,Saint Felicianus
2,Saint Felicity
2,Saint Ferreolus
2,Saint Fulgentius
2,Saint Gerasimus
2,Saint Gerontius
2,Saint Hill
2,Saint Jean d'Acre
2,Saint John Neumann
2,Saint John River
2,Saint Johns Creek
2,Saint Joseph Parish
2,Saint Joseph's Hawks basketball
2,"Saint Joseph, Ohio"
2,Saint Julie
2,Saint Kuksha
2,Sam Cabot
2,Snow country
2,Snow Hill
2,Snow Hill railway station
2,Snow Hill tunnel
2,"Snow Hill, West Virginia"
2,Snow House
2,Snow Queen
2,Snowbears
2,Snowcross
2,Snowden
2,SNP Square
2,SNPG
2,SNPJ
2,SNPO
2,SNSB
2,SNTR
2,Snub octahedron
2,SNW
2,Snyagovo
2,Snyder High School
2,"Snyder Township, Pennsylvania"
2,"Snydertown, Pennsylvania"
2,So Damn Happy
2,So Dark
2,So Early in the Spring
2,So Good
2,So Happy Together
2,So Hard
2,So Long Letty
2,"So Long, See You Tomorrow"
2,So Much
2,So people
2,So Sick
2,So This Is London
2,So This Is Paris
2,So Tired
2,So Wonderful
2,So You Think You Can Dance_ The Next Generation
2,So You Won't Talk
2,SO16
2,SO8
2,Soak It Up
2,Soaked
2,Soapy Sam
2,SOASC
2,Sobek
2,Sobha Singh
2,The Apotheosis of Homer
2,The Applejacks
2,The Apprentice 1
2,The Apprentice 2
2,The Apprentice 3
2,The Apprentice 4
2,The Apprentice 5
2,The Big Operator
2,The Big Sombrero
2,The Big Unit
2,The Big Wet
2,The Biggest Lie
2,The Buckingham
2,The Cardinal
2,The DVD
2,The Fiery Angel
2,The Gamekeeper
2,The Games We Play
2,The Movie Album
2,The Parsonage
2,The Purple Revolution
2,The Well-Digger's Daughter
2,The Well-Tempered Critic
2,Turkey in Asia
2,Turkey Island
2,Turkey Run
2,Turkey shoot
2,Turki bin Abdul-Aziz Al Saud
2,Turkish constitution
2,Turkish Grand Prix
2,"Turkish Parliament Speaker elections, 2015"
2,Turkish Republican Party
2,Turkish towel
2,Turkish Van cat
2,Turkish-occupied territories
2,Turkmenistan–Iran pipeline
2,Turkmenlu
2,Turkov
2,Turkovice
2,Turksat
2,Turku archipelago
2,Turku shipyard
2,Turlough O'Neill
2,Turn Back
2,Turn It Down
2,Turn Me Out
2,Turn On the Lights
2,Turnau
2,Turnbull
2,Turnbull Ministry
2,Turned on
2,Turner County
2,Turner Joy
2,Turner Landing
2,Turner Motorsports
2,"Turner, Arkansas"
2,Turners Cross
2,Turning Up
2,Turnkey
2,Turnrow
2,Turntable
2,Turpan
2,Turquoise Coast
2,Turquoise emperor
2,Turret Peak
2,Turricula
2,Tursk
2,Turtle Boy
2,Turtle Creek Township
2,"Turtle Lake Township, Minnesota"
2,Turtle Man
2,Turtle River
2,Turtledove
2,Turtulla
2,Turung
2,Turushka
2,Turut
2,Turza Mała
2,Turza Wielka
2,Turzany
2,Türkiyemspor
2,Türklər
2,Türkoba
2,Türkədi
2,Türmitz
2,Ubinsky
2,UBM
2,Ubocze
2,UBOS
2,UBV
2,UC Press
2,UC-35
2,UC-45
2,UC-61
2,UC-67
2,UC-92
2,UCAA
2,UCCP
2,UCEA
2,UCHA
2,Uchan
2,Uchan-su
2,UCHC
2,Uchee Creek
2,Uchiko
2,Uchila
2,Uchinoura
2,Uchkurgan
2,Uchte
2,UCI
2,Uciechów
2,UCIL
2,Ucita
2,UCK
2,Uckington
2,UCLA Bruins coaches
2,UCLA Bruins retired numbers
2,Ucode
2,UConn Huskies basketball
2,UCOS
2,UCPB
2,UCPH
2,UCSJ
2,UCST
2,Ucsu
2,Uda River
2,Udar
2,Udayagiri caves
2,Udayar
2,UDEAC
2,Udege
2,Udel
2,Udelny
2,UDGB
2,Udham Singh
2,Udma
2,UDMC
2,Udolpho
2,Udong
2,Udot
2,UDP-N-acetyl-alpha-D-glucosamine hydro-lyase
2,UDPGT
2,UDSD
2,UDSL
2,UDTS
2,"Udullu, Hajigabul"
2,Uduwela
2,Ueda Station
2,Uee
2,UEFA Champions League 2008
2,Uçarı
2,UÇK
2,Vili
2,Vilkitsky
2,Villa Alegre
2,Villa Barbarigo
2,Villa de Guadalupe
2,Villa del Campo
2,Villa Grande
2,Villa Grove
2,Villa Heights
2,"Villa Hidalgo, Oaxaca"
2,Villa Juárez
2,"Villa Park, New Jersey"
2,Villa Trissino
2,Villaflores
2,Village Creek State Park
2,Village development committee
2,Village of Four Seasons
2,Village Park
2,Village School
2,Villagrán
2,Villaine
2,Villanelle
2,Villanueva de los Infantes
2,Villaquirán
2,Villar-Perosa
2,Villarica
2,Villarán
2,Villasanta
2,Villazón
2,Ville de Québec
2,Ville Virtanen
2,Villefranque
2,Villegats
2,Villemer
2,Villepinte
2,Villereau
2,Villers-le-Sec
2,Villinger
2,Villota
2,Vilniaus viešasis transportas
2,Vilnis
2,Vilnius municipality
2,Vilobí
2,Vilovataya
2,Vilovo
2,Vily
2,Vilémovice
2,Vimaladharmasuriya
2,Viminatium
2,Vinberg
2,Vincas Mickevičius
2,Vince Hernandez
2,Vincent Breen
2,Vincent Broderick
2,Vincent Brooks
2,Vincent Cheng
2,Vishy
2,Visible panty line
2,Visio
2,Visio Karoli
2,Vision Air
2,Vision Tower
2,Visionarium
2,Visiting hours
2,Visky
2,Visman
2,Vismayam
2,Visnes
2,Vissi
2,Vissim
2,Vista del Lago High School
2,Vista Hermosa
2,Vista Tower
2,Vistas
2,Viste
2,Vistula Offensive
2,Visual C
2,Visualizer
2,VITAL
2,Vitali Abramov
2,Vitaliy Pavlov
2,Vitaly Melnikov
2,Vitaly Orlov
2,Vitamin
2,Vitamin S
2,Vitan
2,Vitaphone
2,Vitar
2,Vitaz
2,Vitebsk Province
2,Vitebskiy
2,Vitebsky
2,Viterbe
2,Viterbo
2,Vitina
2,Vitreoretinopathy
2,Vitré
2,Vitter
2,Vitu
2,Vitus Bering
2,Vityaz Podolsk
2,Vitória Futebol Clube
2,Viva 105.7
2,Viva Records
2,Vivace
2,Vivacious gerbil
2,Vivaldi Residences
2,Viveash
2,Vivian Fowler
2,Vivian Green
2,Vivian Reed
2,Vivian Xu
2,Viškovci
2,Višnjevac
2,Višňová
2,Vít Fousek
2,Vítkov
2,Vítonice
2,Vítor Costa
2,Warren Goldstein
2,Welcome to Germany
2,Welcome to Hard Times
2,Welcome to Mollywood
2,Welcome to Paradise
2,Welcome to Sweden
2,Welcome to the Family
2,Welcome to the Jungle
2,Welcome to the New World
2,Welcome to the Wasteland
2,Welcome to Wonderland
2,Welcoming Congregation
2,Weldon Brothers
2,Weldon Springs
2,Welf II
2,Welgelegen
2,Well depth
2,Well Done
2,Well End
2,Well-tempered
2,Wellemmedan
2,Weller House
2,Weller Township
2,Welling
2,Welling station
2,Wellingborough Grammar School
2,Wellington Airport
2,Wellington Council
2,Wellington Hospital
2,Wellington Rural District
2,Wellington Shire
2,Wellington tramway
2,Wellingtonia
2,Wells County
2,Wells County Courthouse
2,Wells Fargo history
2,Wells Municipal Airport
2,Wells score
2,Wells State Park
2,Wells Street Bridge
2,"Wells Township, Pennsylvania"
2,"Wellsville, New York"
2,WELR
2,Welsford
2,"Welsford, Nova Scotia"
2,Welsh Church
2,Welsh Language Act
2,Welsh Mountain
2,Welsh Presbyterian Church
2,Weltevreden
2,Wembley Central
2,WEMF
2,WEMI
2,WEMM
2,WEMR
2,Wen County
2,Wen Prefecture
2,Wenchang Subdistrict
2,Wencheng
2,Wendeline
2,Wendelinus
2,Wełna
2,William Durkee
2,Çardak
2,Çardaqlar
2,ÚDA Praha
2,Üçbulaq
2,Üçtepe
2,Đurinac
